,Grupo de edad,fecha,Casos confirmados
0,<=39,2020-04-01,23
1,40-49,2020-04-01,23
2,50-59,2020-04-01,53
3,60-69,2020-04-01,39
4,>=70,2020-04-01,35
5,<=39,2020-04-02,23
6,40-49,2020-04-02,27
7,50-59,2020-04-02,67
8,60-69,2020-04-02,46
9,>=70,2020-04-02,37
10,<=39,2020-04-03,26
11,40-49,2020-04-03,34
12,50-59,2020-04-03,74
13,60-69,2020-04-03,56
14,>=70,2020-04-03,47
15,<=39,2020-04-04,40
16,40-49,2020-04-04,36
17,50-59,2020-04-04,84
18,60-69,2020-04-04,68
19,>=70,2020-04-04,52
20,<=39,2020-04-05,40
21,40-49,2020-04-05,40
22,50-59,2020-04-05,89
23,60-69,2020-04-05,75
24,>=70,2020-04-05,63
25,<=39,2020-04-06,38
26,40-49,2020-04-06,40
27,50-59,2020-04-06,95
28,60-69,2020-04-06,78
29,>=70,2020-04-06,76
30,<=39,2020-04-07,39
31,40-49,2020-04-07,38
32,50-59,2020-04-07,101
33,60-69,2020-04-07,82
34,>=70,2020-04-07,77
35,<=39,2020-04-08,42
36,40-49,2020-04-08,39
37,50-59,2020-04-08,109
38,60-69,2020-04-08,93
39,>=70,2020-04-08,79
40,<=39,2020-04-09,46
41,40-49,2020-04-09,48
42,50-59,2020-04-09,102
43,60-69,2020-04-09,89
44,>=70,2020-04-09,75
45,<=39,2020-04-10,45
46,40-49,2020-04-10,48
47,50-59,2020-04-10,111
48,60-69,2020-04-10,99
49,>=70,2020-04-10,80
50,<=39,2020-04-11,43
51,40-49,2020-04-11,50
52,50-59,2020-04-11,111
53,60-69,2020-04-11,100
54,>=70,2020-04-11,79
55,<=39,2020-04-12,41
56,40-49,2020-04-12,48
57,50-59,2020-04-12,110
58,60-69,2020-04-12,106
59,>=70,2020-04-12,82
60,<=39,2020-04-13,40
61,40-49,2020-04-13,45
62,50-59,2020-04-13,112
63,60-69,2020-04-13,106
64,>=70,2020-04-13,84
65,<=39,2020-04-14,42
66,40-49,2020-04-14,43
67,50-59,2020-04-14,105
68,60-69,2020-04-14,105
69,>=70,2020-04-14,84
70,<=39,2020-04-15,42
71,40-49,2020-04-15,45
72,50-59,2020-04-15,107
73,60-69,2020-04-15,110
74,>=70,2020-04-15,85
75,<=39,2020-04-16,41
76,40-49,2020-04-16,43
77,50-59,2020-04-16,103
78,60-69,2020-04-16,111
79,>=70,2020-04-16,86
80,<=39,2020-04-17,38
81,40-49,2020-04-17,44
82,50-59,2020-04-17,109
83,60-69,2020-04-17,107
84,>=70,2020-04-17,87
85,<=39,2020-04-18,34
86,40-49,2020-04-18,41
87,50-59,2020-04-18,98
88,60-69,2020-04-18,103
89,>=70,2020-04-18,84
90,<=39,2020-04-19,38
91,40-49,2020-04-19,40
92,50-59,2020-04-19,96
93,60-69,2020-04-19,111
94,>=70,2020-04-19,88
95,<=39,2020-04-20,41
96,40-49,2020-04-20,38
97,50-59,2020-04-20,96
98,60-69,2020-04-20,112
99,>=70,2020-04-20,90
100,<=39,2020-04-21,41
101,40-49,2020-04-21,42
102,50-59,2020-04-21,97
103,60-69,2020-04-21,121
104,>=70,2020-04-21,91
105,<=39,2020-04-22,44
106,40-49,2020-04-22,43
107,50-59,2020-04-22,96
108,60-69,2020-04-22,120
109,>=70,2020-04-22,96
110,<=39,2020-04-23,55
111,40-49,2020-04-23,40
112,50-59,2020-04-23,99
113,60-69,2020-04-23,120
114,>=70,2020-04-23,97
115,<=39,2020-04-24,58
116,40-49,2020-04-24,45
117,50-59,2020-04-24,100
118,60-69,2020-04-24,113
119,>=70,2020-04-24,99
120,<=39,2020-04-25,61
121,40-49,2020-04-25,40
122,50-59,2020-04-25,102
123,60-69,2020-04-25,114
124,>=70,2020-04-25,101
125,<=39,2020-04-26,61
126,40-49,2020-04-26,41
127,50-59,2020-04-26,101
128,60-69,2020-04-26,111
129,>=70,2020-04-26,101
130,<=39,2020-04-27,63
131,40-49,2020-04-27,39
132,50-59,2020-04-27,105
133,60-69,2020-04-27,112
134,>=70,2020-04-27,107
135,<=39,2020-04-28,64
136,40-49,2020-04-28,39
137,50-59,2020-04-28,105
138,60-69,2020-04-28,115
139,>=70,2020-04-28,105
140,<=39,2020-04-29,58
141,40-49,2020-04-29,36
142,50-59,2020-04-29,105
143,60-69,2020-04-29,108
144,>=70,2020-04-29,111
145,<=39,2020-04-30,52
146,40-49,2020-04-30,41
147,50-59,2020-04-30,103
148,60-69,2020-04-30,115
149,>=70,2020-04-30,108
150,<=39,2020-05-01,50
151,40-49,2020-05-01,44
152,50-59,2020-05-01,108
153,60-69,2020-05-01,115
154,>=70,2020-05-01,111
155,<=39,2020-05-02,52
156,40-49,2020-05-02,42
157,50-59,2020-05-02,111
158,60-69,2020-05-02,110
159,>=70,2020-05-02,110
160,<=39,2020-05-03,55
161,40-49,2020-05-03,45
162,50-59,2020-05-03,118
163,60-69,2020-05-03,117
164,>=70,2020-05-03,114
165,<=39,2020-05-04,55
166,40-49,2020-05-04,50
167,50-59,2020-05-04,122
168,60-69,2020-05-04,123
169,>=70,2020-05-04,114
170,<=39,2020-05-05,54
171,40-49,2020-05-05,50
172,50-59,2020-05-05,115
173,60-69,2020-05-05,130
174,>=70,2020-05-05,121
175,<=39,2020-05-06,53
176,40-49,2020-05-06,48
177,50-59,2020-05-06,123
178,60-69,2020-05-06,141
179,>=70,2020-05-06,121
180,<=39,2020-05-07,53
181,40-49,2020-05-07,52
182,50-59,2020-05-07,127
183,60-69,2020-05-07,138
184,>=70,2020-05-07,123
185,<=39,2020-05-08,53
186,40-49,2020-05-08,56
187,50-59,2020-05-08,124
188,60-69,2020-05-08,149
189,>=70,2020-05-08,126
190,<=39,2020-05-09,59
191,40-49,2020-05-09,66
192,50-59,2020-05-09,134
193,60-69,2020-05-09,154
194,>=70,2020-05-09,131
195,<=39,2020-05-10,61
196,40-49,2020-05-10,68
197,50-59,2020-05-10,139
198,60-69,2020-05-10,160
199,>=70,2020-05-10,137
200,<=39,2020-05-11,62
201,40-49,2020-05-11,73
202,50-59,2020-05-11,136
203,60-69,2020-05-11,166
204,>=70,2020-05-11,137
205,<=39,2020-05-12,73
206,40-49,2020-05-12,71
207,50-59,2020-05-12,145
208,60-69,2020-05-12,176
209,>=70,2020-05-12,139
210,<=39,2020-05-13,77
211,40-49,2020-05-13,75
212,50-59,2020-05-13,152
213,60-69,2020-05-13,188
214,>=70,2020-05-13,150
215,<=39,2020-05-14,78
216,40-49,2020-05-14,77
217,50-59,2020-05-14,162
218,60-69,2020-05-14,197
219,>=70,2020-05-14,149
220,<=39,2020-05-15,82
221,40-49,2020-05-15,84
222,50-59,2020-05-15,182
223,60-69,2020-05-15,213
224,>=70,2020-05-15,150
225,<=39,2020-05-16,94
226,40-49,2020-05-16,95
227,50-59,2020-05-16,188
228,60-69,2020-05-16,214
229,>=70,2020-05-16,160
230,<=39,2020-05-17,95
231,40-49,2020-05-17,94
232,50-59,2020-05-17,196
233,60-69,2020-05-17,217
234,>=70,2020-05-17,167
235,<=39,2020-05-18,100
236,40-49,2020-05-18,98
237,50-59,2020-05-18,211
238,60-69,2020-05-18,222
239,>=70,2020-05-18,176
240,<=39,2020-05-19,110
241,40-49,2020-05-19,111
242,50-59,2020-05-19,231
243,60-69,2020-05-19,242
244,>=70,2020-05-19,182
245,<=39,2020-05-20,111
246,40-49,2020-05-20,117
247,50-59,2020-05-20,233
248,60-69,2020-05-20,256
249,>=70,2020-05-20,187
250,<=39,2020-05-21,120
251,40-49,2020-05-21,117
252,50-59,2020-05-21,247
253,60-69,2020-05-21,266
254,>=70,2020-05-21,193
255,<=39,2020-05-22,128
256,40-49,2020-05-22,121
257,50-59,2020-05-22,256
258,60-69,2020-05-22,288
259,>=70,2020-05-22,193
260,<=39,2020-05-23,132
261,40-49,2020-05-23,127
262,50-59,2020-05-23,280
263,60-69,2020-05-23,318
264,>=70,2020-05-23,205
265,<=39,2020-05-24,131
266,40-49,2020-05-24,123
267,50-59,2020-05-24,292
268,60-69,2020-05-24,331
269,>=70,2020-05-24,213
270,<=39,2020-05-25,136
271,40-49,2020-05-25,128
272,50-59,2020-05-25,307
273,60-69,2020-05-25,345
274,>=70,2020-05-25,219
275,<=39,2020-05-26,137
276,40-49,2020-05-26,141
277,50-59,2020-05-26,336
278,60-69,2020-05-26,357
279,>=70,2020-05-26,231
280,<=39,2020-05-27,135
281,40-49,2020-05-27,145
282,50-59,2020-05-27,369
283,60-69,2020-05-27,366
284,>=70,2020-05-27,236
285,<=39,2020-05-28,142
286,40-49,2020-05-28,153
287,50-59,2020-05-28,373
288,60-69,2020-05-28,378
289,>=70,2020-05-28,243
290,<=39,2020-05-29,137
291,40-49,2020-05-29,162
292,50-59,2020-05-29,395
293,60-69,2020-05-29,410
294,>=70,2020-05-29,246
295,<=39,2020-05-30,133
296,40-49,2020-05-30,161
297,50-59,2020-05-30,404
298,60-69,2020-05-30,431
299,>=70,2020-05-30,242
300,<=39,2020-05-31,130
301,40-49,2020-05-31,160
302,50-59,2020-05-31,403
303,60-69,2020-05-31,439
304,>=70,2020-05-31,251
305,<=39,2020-06-01,133
306,40-49,2020-06-01,170
307,50-59,2020-06-01,414
308,60-69,2020-06-01,470
309,>=70,2020-06-01,259
310,<=39,2020-06-02,140
311,40-49,2020-06-02,173
312,50-59,2020-06-02,414
313,60-69,2020-06-02,472
314,>=70,2020-06-02,252
315,<=39,2020-06-03,143
316,40-49,2020-06-03,173
317,50-59,2020-06-03,413
318,60-69,2020-06-03,489
319,>=70,2020-06-03,257
320,<=39,2020-06-04,135
321,40-49,2020-06-04,179
322,50-59,2020-06-04,424
323,60-69,2020-06-04,486
324,>=70,2020-06-04,272
325,<=39,2020-06-05,143
326,40-49,2020-06-05,180
327,50-59,2020-06-05,426
328,60-69,2020-06-05,496
329,>=70,2020-06-05,276
330,<=39,2020-06-06,144
331,40-49,2020-06-06,181
332,50-59,2020-06-06,427
333,60-69,2020-06-06,499
334,>=70,2020-06-06,273
335,<=39,2020-06-07,145
336,40-49,2020-06-07,176
337,50-59,2020-06-07,436
338,60-69,2020-06-07,522
339,>=70,2020-06-07,279
340,<=39,2020-06-08,147
341,40-49,2020-06-08,184
342,50-59,2020-06-08,440
343,60-69,2020-06-08,527
344,>=70,2020-06-08,283
345,<=39,2020-06-09,139
346,40-49,2020-06-09,185
347,50-59,2020-06-09,444
348,60-69,2020-06-09,523
349,>=70,2020-06-09,286
350,<=39,2020-06-10,142
351,40-49,2020-06-10,189
352,50-59,2020-06-10,447
353,60-69,2020-06-10,519
354,>=70,2020-06-10,293
355,<=39,2020-06-11,148
356,40-49,2020-06-11,196
357,50-59,2020-06-11,463
358,60-69,2020-06-11,519
359,>=70,2020-06-11,292
360,<=39,2020-06-12,152
361,40-49,2020-06-12,207
362,50-59,2020-06-12,467
363,60-69,2020-06-12,526
364,>=70,2020-06-12,295
365,<=39,2020-06-13,152
366,40-49,2020-06-13,212
367,50-59,2020-06-13,470
368,60-69,2020-06-13,518
369,>=70,2020-06-13,304
370,<=39,2020-06-14,153
371,40-49,2020-06-14,216
372,50-59,2020-06-14,488
373,60-69,2020-06-14,544
374,>=70,2020-06-14,314
375,<=39,2020-06-15,153
376,40-49,2020-06-15,215
377,50-59,2020-06-15,492
378,60-69,2020-06-15,547
379,>=70,2020-06-15,316
380,<=39,2020-06-16,154
381,40-49,2020-06-16,223
382,50-59,2020-06-16,490
383,60-69,2020-06-16,550
384,>=70,2020-06-16,310
385,<=39,2020-06-17,153
386,40-49,2020-06-17,230
387,50-59,2020-06-17,508
388,60-69,2020-06-17,580
389,>=70,2020-06-17,323
390,<=39,2020-06-18,162
391,40-49,2020-06-18,238
392,50-59,2020-06-18,516
393,60-69,2020-06-18,595
394,>=70,2020-06-18,334
395,<=39,2020-06-19,169
396,40-49,2020-06-19,238
397,50-59,2020-06-19,541
398,60-69,2020-06-19,623
399,>=70,2020-06-19,340
400,<=39,2020-06-20,172
401,40-49,2020-06-20,254
402,50-59,2020-06-20,548
403,60-69,2020-06-20,630
404,>=70,2020-06-20,347
405,<=39,2020-06-21,177
406,40-49,2020-06-21,256
407,50-59,2020-06-21,565
408,60-69,2020-06-21,647
409,>=70,2020-06-21,351
410,<=39,2020-06-22,179
411,40-49,2020-06-22,259
412,50-59,2020-06-22,559
413,60-69,2020-06-22,661
414,>=70,2020-06-22,356
415,<=39,2020-06-23,176
416,40-49,2020-06-23,261
417,50-59,2020-06-23,556
418,60-69,2020-06-23,666
419,>=70,2020-06-23,350
420,<=39,2020-06-24,175
421,40-49,2020-06-24,262
422,50-59,2020-06-24,557
423,60-69,2020-06-24,689
424,>=70,2020-06-24,363
425,<=39,2020-06-25,179
426,40-49,2020-06-25,265
427,50-59,2020-06-25,563
428,60-69,2020-06-25,701
429,>=70,2020-06-25,370
430,<=39,2020-06-26,176
431,40-49,2020-06-26,256
432,50-59,2020-06-26,568
433,60-69,2020-06-26,721
434,>=70,2020-06-26,365
435,<=39,2020-06-27,171
436,40-49,2020-06-27,245
437,50-59,2020-06-27,573
438,60-69,2020-06-27,733
439,>=70,2020-06-27,368
440,<=39,2020-06-28,171
441,40-49,2020-06-28,244
442,50-59,2020-06-28,572
443,60-69,2020-06-28,763
444,>=70,2020-06-28,379
445,<=39,2020-06-29,166
446,40-49,2020-06-29,238
447,50-59,2020-06-29,551
448,60-69,2020-06-29,752
449,>=70,2020-06-29,383
450,<=39,2020-06-30,165
451,40-49,2020-06-30,241
452,50-59,2020-06-30,555
453,60-69,2020-06-30,755
454,>=70,2020-06-30,390
455,<=39,2020-07-01,162
456,40-49,2020-07-01,232
457,50-59,2020-07-01,539
458,60-69,2020-07-01,750
459,>=70,2020-07-01,392
460,<=39,2020-07-02,172
461,40-49,2020-07-02,232
462,50-59,2020-07-02,544
463,60-69,2020-07-02,766
464,>=70,2020-07-02,385
465,<=39,2020-07-03,167
466,40-49,2020-07-03,234
467,50-59,2020-07-03,544
468,60-69,2020-07-03,766
469,>=70,2020-07-03,396
470,<=39,2020-07-04,161
471,40-49,2020-07-04,229
472,50-59,2020-07-04,540
473,60-69,2020-07-04,755
474,>=70,2020-07-04,392
475,<=39,2020-07-05,157
476,40-49,2020-07-05,221
477,50-59,2020-07-05,536
478,60-69,2020-07-05,759
479,>=70,2020-07-05,405
480,<=39,2020-07-06,156
481,40-49,2020-07-06,215
482,50-59,2020-07-06,522
483,60-69,2020-07-06,765
484,>=70,2020-07-06,411
485,<=39,2020-07-07,154
486,40-49,2020-07-07,211
487,50-59,2020-07-07,521
488,60-69,2020-07-07,767
489,>=70,2020-07-07,407
490,<=39,2020-07-08,142
491,40-49,2020-07-08,216
492,50-59,2020-07-08,514
493,60-69,2020-07-08,759
494,>=70,2020-07-08,422
495,<=39,2020-07-09,141
496,40-49,2020-07-09,208
497,50-59,2020-07-09,494
498,60-69,2020-07-09,734
499,>=70,2020-07-09,422
500,<=39,2020-07-10,142
501,40-49,2020-07-10,210
502,50-59,2020-07-10,488
503,60-69,2020-07-10,726
504,>=70,2020-07-10,424
505,<=39,2020-07-11,145
506,40-49,2020-07-11,206
507,50-59,2020-07-11,496
508,60-69,2020-07-11,720
509,>=70,2020-07-11,432
510,<=39,2020-07-12,143
511,40-49,2020-07-12,198
512,50-59,2020-07-12,498
513,60-69,2020-07-12,723
514,>=70,2020-07-12,433
515,<=39,2020-07-13,135
516,40-49,2020-07-13,188
517,50-59,2020-07-13,482
518,60-69,2020-07-13,696
519,>=70,2020-07-13,430
520,<=39,2020-07-14,139
521,40-49,2020-07-14,191
522,50-59,2020-07-14,471
523,60-69,2020-07-14,686
524,>=70,2020-07-14,428
525,<=39,2020-07-15,143
526,40-49,2020-07-15,189
527,50-59,2020-07-15,465
528,60-69,2020-07-15,663
529,>=70,2020-07-15,418
530,<=39,2020-07-16,132
531,40-49,2020-07-16,181
532,50-59,2020-07-16,451
533,60-69,2020-07-16,643
534,>=70,2020-07-16,414
535,<=39,2020-07-17,130
536,40-49,2020-07-17,184
537,50-59,2020-07-17,441
538,60-69,2020-07-17,631
539,>=70,2020-07-17,410
540,<=39,2020-07-18,130
541,40-49,2020-07-18,187
542,50-59,2020-07-18,433
543,60-69,2020-07-18,633
544,>=70,2020-07-18,409
545,<=39,2020-07-19,120
546,40-49,2020-07-19,180
547,50-59,2020-07-19,430
548,60-69,2020-07-19,629
549,>=70,2020-07-19,405
550,<=39,2020-07-20,121
551,40-49,2020-07-20,180
552,50-59,2020-07-20,423
553,60-69,2020-07-20,623
554,>=70,2020-07-20,406
555,<=39,2020-07-21,115
556,40-49,2020-07-21,175
557,50-59,2020-07-21,420
558,60-69,2020-07-21,615
559,>=70,2020-07-21,403
560,<=39,2020-07-22,112
561,40-49,2020-07-22,169
562,50-59,2020-07-22,396
563,60-69,2020-07-22,597
564,>=70,2020-07-22,414
565,<=39,2020-07-23,112
566,40-49,2020-07-23,168
567,50-59,2020-07-23,380
568,60-69,2020-07-23,590
569,>=70,2020-07-23,420
570,<=39,2020-07-24,117
571,40-49,2020-07-24,157
572,50-59,2020-07-24,365
573,60-69,2020-07-24,566
574,>=70,2020-07-24,431
575,<=39,2020-07-25,116
576,40-49,2020-07-25,149
577,50-59,2020-07-25,357
578,60-69,2020-07-25,560
579,>=70,2020-07-25,430
580,<=39,2020-07-26,116
581,40-49,2020-07-26,144
582,50-59,2020-07-26,347
583,60-69,2020-07-26,547
584,>=70,2020-07-26,438
585,<=39,2020-07-27,113
586,40-49,2020-07-27,139
587,50-59,2020-07-27,340
588,60-69,2020-07-27,530
589,>=70,2020-07-27,433
590,<=39,2020-07-28,113
591,40-49,2020-07-28,137
592,50-59,2020-07-28,332
593,60-69,2020-07-28,520
594,>=70,2020-07-28,427
595,<=39,2020-07-29,112
596,40-49,2020-07-29,128
597,50-59,2020-07-29,318
598,60-69,2020-07-29,517
599,>=70,2020-07-29,410
600,<=39,2020-07-30,99
601,40-49,2020-07-30,129
602,50-59,2020-07-30,309
603,60-69,2020-07-30,509
604,>=70,2020-07-30,417
605,<=39,2020-07-31,97
606,40-49,2020-07-31,123
607,50-59,2020-07-31,318
608,60-69,2020-07-31,489
609,>=70,2020-07-31,418
610,<=39,2020-08-01,97
611,40-49,2020-08-01,123
612,50-59,2020-08-01,318
613,60-69,2020-08-01,489
614,>=70,2020-08-01,418
615,<=39,2020-08-02,97
616,40-49,2020-08-02,123
617,50-59,2020-08-02,319
618,60-69,2020-08-02,490
619,>=70,2020-08-02,408
620,<=39,2020-08-03,94
621,40-49,2020-08-03,120
622,50-59,2020-08-03,314
623,60-69,2020-08-03,487
624,>=70,2020-08-03,404
625,<=39,2020-08-04,91
626,40-49,2020-08-04,121
627,50-59,2020-08-04,314
628,60-69,2020-08-04,474
629,>=70,2020-08-04,405
630,<=39,2020-08-05,90
631,40-49,2020-08-05,121
632,50-59,2020-08-05,319
633,60-69,2020-08-05,468
634,>=70,2020-08-05,402
635,<=39,2020-08-06,89
636,40-49,2020-08-06,115
637,50-59,2020-08-06,308
638,60-69,2020-08-06,463
639,>=70,2020-08-06,383
640,<=39,2020-08-07,98
641,40-49,2020-08-07,112
642,50-59,2020-08-07,302
643,60-69,2020-08-07,461
644,>=70,2020-08-07,375
645,<=39,2020-08-08,89
646,40-49,2020-08-08,105
647,50-59,2020-08-08,303
648,60-69,2020-08-08,447
649,>=70,2020-08-08,361
650,<=39,2020-08-09,78
651,40-49,2020-08-09,106
652,50-59,2020-08-09,304
653,60-69,2020-08-09,432
654,>=70,2020-08-09,356
655,<=39,2020-08-10,79
656,40-49,2020-08-10,106
657,50-59,2020-08-10,306
658,60-69,2020-08-10,427
659,>=70,2020-08-10,362
660,<=39,2020-08-11,73
661,40-49,2020-08-11,106
662,50-59,2020-08-11,301
663,60-69,2020-08-11,422
664,>=70,2020-08-11,366
665,<=39,2020-08-12,73
666,40-49,2020-08-12,105
667,50-59,2020-08-12,295
668,60-69,2020-08-12,420
669,>=70,2020-08-12,362
670,<=39,2020-08-13,71
671,40-49,2020-08-13,105
672,50-59,2020-08-13,293
673,60-69,2020-08-13,435
674,>=70,2020-08-13,355
675,<=39,2020-08-14,75
676,40-49,2020-08-14,103
677,50-59,2020-08-14,294
678,60-69,2020-08-14,424
679,>=70,2020-08-14,356
680,<=39,2020-08-15,70
681,40-49,2020-08-15,96
682,50-59,2020-08-15,283
683,60-69,2020-08-15,412
684,>=70,2020-08-15,346
685,<=39,2020-08-16,72
686,40-49,2020-08-16,97
687,50-59,2020-08-16,274
688,60-69,2020-08-16,400
689,>=70,2020-08-16,347
690,<=39,2020-08-17,74
691,40-49,2020-08-17,98
692,50-59,2020-08-17,265
693,60-69,2020-08-17,397
694,>=70,2020-08-17,343
695,<=39,2020-08-18,73
696,40-49,2020-08-18,96
697,50-59,2020-08-18,263
698,60-69,2020-08-18,391
699,>=70,2020-08-18,334
700,<=39,2020-08-19,69
701,40-49,2020-08-19,88
702,50-59,2020-08-19,251
703,60-69,2020-08-19,383
704,>=70,2020-08-19,329
705,<=39,2020-08-20,66
706,40-49,2020-08-20,88
707,50-59,2020-08-20,242
708,60-69,2020-08-20,364
709,>=70,2020-08-20,317
710,<=39,2020-08-21,68
711,40-49,2020-08-21,90
712,50-59,2020-08-21,240
713,60-69,2020-08-21,360
714,>=70,2020-08-21,314
715,<=39,2020-08-22,68
716,40-49,2020-08-22,89
717,50-59,2020-08-22,234
718,60-69,2020-08-22,367
719,>=70,2020-08-22,300
720,<=39,2020-08-23,65
721,40-49,2020-08-23,88
722,50-59,2020-08-23,225
723,60-69,2020-08-23,357
724,>=70,2020-08-23,292
725,<=39,2020-08-24,68
726,40-49,2020-08-24,86
727,50-59,2020-08-24,224
728,60-69,2020-08-24,347
729,>=70,2020-08-24,289
730,<=39,2020-08-25,66
731,40-49,2020-08-25,87
732,50-59,2020-08-25,223
733,60-69,2020-08-25,345
734,>=70,2020-08-25,290
735,<=39,2020-08-26,64
736,40-49,2020-08-26,84
737,50-59,2020-08-26,220
738,60-69,2020-08-26,350
739,>=70,2020-08-26,286
740,<=39,2020-08-27,59
741,40-49,2020-08-27,86
742,50-59,2020-08-27,225
743,60-69,2020-08-27,352
744,>=70,2020-08-27,290
745,<=39,2020-08-28,60
746,40-49,2020-08-28,88
747,50-59,2020-08-28,220
748,60-69,2020-08-28,340
749,>=70,2020-08-28,287
750,<=39,2020-08-29,59
751,40-49,2020-08-29,81
752,50-59,2020-08-29,210
753,60-69,2020-08-29,325
754,>=70,2020-08-29,284
755,<=39,2020-08-30,59
756,40-49,2020-08-30,80
757,50-59,2020-08-30,213
758,60-69,2020-08-30,328
759,>=70,2020-08-30,280
760,<=39,2020-08-31,62
761,40-49,2020-08-31,77
762,50-59,2020-08-31,212
763,60-69,2020-08-31,335
764,>=70,2020-08-31,283
765,<=39,2020-09-01,60
766,40-49,2020-09-01,76
767,50-59,2020-09-01,211
768,60-69,2020-09-01,334
769,>=70,2020-09-01,281
770,<=39,2020-09-02,61
771,40-49,2020-09-02,75
772,50-59,2020-09-02,207
773,60-69,2020-09-02,329
774,>=70,2020-09-02,275
775,<=39,2020-09-03,65
776,40-49,2020-09-03,75
777,50-59,2020-09-03,204
778,60-69,2020-09-03,320
779,>=70,2020-09-03,276
780,<=39,2020-09-04,70
781,40-49,2020-09-04,69
782,50-59,2020-09-04,207
783,60-69,2020-09-04,319
784,>=70,2020-09-04,267
785,<=39,2020-09-05,63
786,40-49,2020-09-05,67
787,50-59,2020-09-05,203
788,60-69,2020-09-05,313
789,>=70,2020-09-05,262
790,<=39,2020-09-06,60
791,40-49,2020-09-06,70
792,50-59,2020-09-06,200
793,60-69,2020-09-06,312
794,>=70,2020-09-06,267
795,<=39,2020-09-07,65
796,40-49,2020-09-07,68
797,50-59,2020-09-07,203
798,60-69,2020-09-07,317
799,>=70,2020-09-07,277
800,<=39,2020-09-08,66
801,40-49,2020-09-08,70
802,50-59,2020-09-08,203
803,60-69,2020-09-08,310
804,>=70,2020-09-08,281
805,<=39,2020-09-09,67
806,40-49,2020-09-09,70
807,50-59,2020-09-09,202
808,60-69,2020-09-09,317
809,>=70,2020-09-09,286
810,<=39,2020-09-10,61
811,40-49,2020-09-10,72
812,50-59,2020-09-10,199
813,60-69,2020-09-10,323
814,>=70,2020-09-10,296
815,<=39,2020-09-11,59
816,40-49,2020-09-11,69
817,50-59,2020-09-11,194
818,60-69,2020-09-11,307
819,>=70,2020-09-11,289
820,<=39,2020-09-12,60
821,40-49,2020-09-12,67
822,50-59,2020-09-12,187
823,60-69,2020-09-12,305
824,>=70,2020-09-12,289
825,<=39,2020-09-13,64
826,40-49,2020-09-13,66
827,50-59,2020-09-13,185
828,60-69,2020-09-13,308
829,>=70,2020-09-13,283
830,<=39,2020-09-14,63
831,40-49,2020-09-14,68
832,50-59,2020-09-14,188
833,60-69,2020-09-14,305
834,>=70,2020-09-14,282
835,<=39,2020-09-15,64
836,40-49,2020-09-15,69
837,50-59,2020-09-15,189
838,60-69,2020-09-15,307
839,>=70,2020-09-15,276
840,<=39,2020-09-16,64
841,40-49,2020-09-16,67
842,50-59,2020-09-16,183
843,60-69,2020-09-16,307
844,>=70,2020-09-16,277
845,<=39,2020-09-17,63
846,40-49,2020-09-17,64
847,50-59,2020-09-17,184
848,60-69,2020-09-17,305
849,>=70,2020-09-17,279
850,<=39,2020-09-18,64
851,40-49,2020-09-18,66
852,50-59,2020-09-18,185
853,60-69,2020-09-18,308
854,>=70,2020-09-18,279
855,<=39,2020-09-19,62
856,40-49,2020-09-19,62
857,50-59,2020-09-19,183
858,60-69,2020-09-19,304
859,>=70,2020-09-19,283
860,<=39,2020-09-20,62
861,40-49,2020-09-20,62
862,50-59,2020-09-20,182
863,60-69,2020-09-20,310
864,>=70,2020-09-20,285
865,<=39,2020-09-21,63
866,40-49,2020-09-21,65
867,50-59,2020-09-21,186
868,60-69,2020-09-21,312
869,>=70,2020-09-21,289
870,<=39,2020-09-22,62
871,40-49,2020-09-22,64
872,50-59,2020-09-22,186
873,60-69,2020-09-22,310
874,>=70,2020-09-22,296
875,<=39,2020-09-23,60
876,40-49,2020-09-23,69
877,50-59,2020-09-23,187
878,60-69,2020-09-23,301
879,>=70,2020-09-23,290
880,<=39,2020-09-24,56
881,40-49,2020-09-24,71
882,50-59,2020-09-24,182
883,60-69,2020-09-24,294
884,>=70,2020-09-24,287
885,<=39,2020-09-25,58
886,40-49,2020-09-25,68
887,50-59,2020-09-25,179
888,60-69,2020-09-25,284
889,>=70,2020-09-25,302
890,<=39,2020-09-26,51
891,40-49,2020-09-26,68
892,50-59,2020-09-26,185
893,60-69,2020-09-26,293
894,>=70,2020-09-26,298
895,<=39,2020-09-27,54
896,40-49,2020-09-27,72
897,50-59,2020-09-27,176
898,60-69,2020-09-27,296
899,>=70,2020-09-27,290
900,<=39,2020-09-28,50
901,40-49,2020-09-28,74
902,50-59,2020-09-28,175
903,60-69,2020-09-28,287
904,>=70,2020-09-28,298
905,<=39,2020-09-29,48
906,40-49,2020-09-29,71
907,50-59,2020-09-29,169
908,60-69,2020-09-29,282
909,>=70,2020-09-29,295
910,<=39,2020-09-30,46
911,40-49,2020-09-30,69
912,50-59,2020-09-30,163
913,60-69,2020-09-30,287
914,>=70,2020-09-30,284
915,<=39,2020-10-01,45
916,40-49,2020-10-01,66
917,50-59,2020-10-01,162
918,60-69,2020-10-01,278
919,>=70,2020-10-01,298
920,<=39,2020-10-02,47
921,40-49,2020-10-02,67
922,50-59,2020-10-02,168
923,60-69,2020-10-02,287
924,>=70,2020-10-02,299
925,<=39,2020-10-03,47
926,40-49,2020-10-03,68
927,50-59,2020-10-03,168
928,60-69,2020-10-03,275
929,>=70,2020-10-03,291
930,<=39,2020-10-04,45
931,40-49,2020-10-04,67
932,50-59,2020-10-04,173
933,60-69,2020-10-04,280
934,>=70,2020-10-04,291
935,<=39,2020-10-05,44
936,40-49,2020-10-05,65
937,50-59,2020-10-05,176
938,60-69,2020-10-05,272
939,>=70,2020-10-05,296
940,<=39,2020-10-06,48
941,40-49,2020-10-06,63
942,50-59,2020-10-06,173
943,60-69,2020-10-06,271
944,>=70,2020-10-06,292
945,<=39,2020-10-07,48
946,40-49,2020-10-07,55
947,50-59,2020-10-07,172
948,60-69,2020-10-07,263
949,>=70,2020-10-07,280
950,<=39,2020-10-08,47
951,40-49,2020-10-08,51
952,50-59,2020-10-08,175
953,60-69,2020-10-08,259
954,>=70,2020-10-08,280
955,<=39,2020-10-09,49
956,40-49,2020-10-09,55
957,50-59,2020-10-09,174
958,60-69,2020-10-09,268
959,>=70,2020-10-09,275
960,<=39,2020-10-10,47
961,40-49,2020-10-10,50
962,50-59,2020-10-10,169
963,60-69,2020-10-10,273
964,>=70,2020-10-10,278
965,<=39,2020-10-11,45
966,40-49,2020-10-11,52
967,50-59,2020-10-11,167
968,60-69,2020-10-11,263
969,>=70,2020-10-11,264
970,<=39,2020-10-12,48
971,40-49,2020-10-12,51
972,50-59,2020-10-12,169
973,60-69,2020-10-12,262
974,>=70,2020-10-12,255
975,<=39,2020-10-13,45
976,40-49,2020-10-13,49
977,50-59,2020-10-13,172
978,60-69,2020-10-13,261
979,>=70,2020-10-13,251
980,<=39,2020-10-14,43
981,40-49,2020-10-14,50
982,50-59,2020-10-14,174
983,60-69,2020-10-14,262
984,>=70,2020-10-14,256
985,<=39,2020-10-15,45
986,40-49,2020-10-15,48
987,50-59,2020-10-15,175
988,60-69,2020-10-15,259
989,>=70,2020-10-15,259
990,<=39,2020-10-16,46
991,40-49,2020-10-16,49
992,50-59,2020-10-16,176
993,60-69,2020-10-16,261
994,>=70,2020-10-16,262
995,<=39,2020-10-17,47
996,40-49,2020-10-17,52
997,50-59,2020-10-17,170
998,60-69,2020-10-17,259
999,>=70,2020-10-17,263
1000,<=39,2020-10-18,44
1001,40-49,2020-10-18,48
1002,50-59,2020-10-18,170
1003,60-69,2020-10-18,254
1004,>=70,2020-10-18,260
1005,<=39,2020-10-19,48
1006,40-49,2020-10-19,48
1007,50-59,2020-10-19,173
1008,60-69,2020-10-19,244
1009,>=70,2020-10-19,256
1010,<=39,2020-10-20,48
1011,40-49,2020-10-20,50
1012,50-59,2020-10-20,173
1013,60-69,2020-10-20,246
1014,>=70,2020-10-20,253
1015,<=39,2020-10-21,47
1016,40-49,2020-10-21,53
1017,50-59,2020-10-21,171
1018,60-69,2020-10-21,236
1019,>=70,2020-10-21,260
1020,<=39,2020-10-22,47
1021,40-49,2020-10-22,53
1022,50-59,2020-10-22,168
1023,60-69,2020-10-22,238
1024,>=70,2020-10-22,253
1025,<=39,2020-10-23,48
1026,40-49,2020-10-23,52
1027,50-59,2020-10-23,160
1028,60-69,2020-10-23,242
1029,>=70,2020-10-23,257
1030,<=39,2020-10-24,49
1031,40-49,2020-10-24,46
1032,50-59,2020-10-24,154
1033,60-69,2020-10-24,233
1034,>=70,2020-10-24,247
1035,<=39,2020-10-25,44
1036,40-49,2020-10-25,49
1037,50-59,2020-10-25,153
1038,60-69,2020-10-25,234
1039,>=70,2020-10-25,243
1040,<=39,2020-10-26,46
1041,40-49,2020-10-26,51
1042,50-59,2020-10-26,155
1043,60-69,2020-10-26,237
1044,>=70,2020-10-26,241
1045,<=39,2020-10-27,48
1046,40-49,2020-10-27,54
1047,50-59,2020-10-27,151
1048,60-69,2020-10-27,242
1049,>=70,2020-10-27,245
1050,<=39,2020-10-28,49
1051,40-49,2020-10-28,57
1052,50-59,2020-10-28,155
1053,60-69,2020-10-28,241
1054,>=70,2020-10-28,243
1055,<=39,2020-10-29,50
1056,40-49,2020-10-29,63
1057,50-59,2020-10-29,154
1058,60-69,2020-10-29,240
1059,>=70,2020-10-29,241
1060,<=39,2020-10-30,47
1061,40-49,2020-10-30,66
1062,50-59,2020-10-30,160
1063,60-69,2020-10-30,249
1064,>=70,2020-10-30,242
1065,<=39,2020-10-31,42
1066,40-49,2020-10-31,65
1067,50-59,2020-10-31,163
1068,60-69,2020-10-31,242
1069,>=70,2020-10-31,244
1070,<=39,2020-11-01,41
1071,40-49,2020-11-01,66
1072,50-59,2020-11-01,157
1073,60-69,2020-11-01,242
1074,>=70,2020-11-01,237
1075,<=39,2020-11-02,40
1076,40-49,2020-11-02,57
1077,50-59,2020-11-02,156
1078,60-69,2020-11-02,239
1079,>=70,2020-11-02,231
1080,<=39,2020-11-03,40
1081,40-49,2020-11-03,58
1082,50-59,2020-11-03,157
1083,60-69,2020-11-03,242
1084,>=70,2020-11-03,230
1085,<=39,2020-11-04,40
1086,40-49,2020-11-04,60
1087,50-59,2020-11-04,164
1088,60-69,2020-11-04,238
1089,>=70,2020-11-04,231
1090,<=39,2020-11-05,40
1091,40-49,2020-11-05,54
1092,50-59,2020-11-05,159
1093,60-69,2020-11-05,237
1094,>=70,2020-11-05,235
1095,<=39,2020-11-06,40
1096,40-49,2020-11-06,52
1097,50-59,2020-11-06,161
1098,60-69,2020-11-06,238
1099,>=70,2020-11-06,242
1100,<=39,2020-11-07,43
1101,40-49,2020-11-07,51
1102,50-59,2020-11-07,162
1103,60-69,2020-11-07,237
1104,>=70,2020-11-07,241
1105,<=39,2020-11-08,43
1106,40-49,2020-11-08,56
1107,50-59,2020-11-08,160
1108,60-69,2020-11-08,239
1109,>=70,2020-11-08,237
1110,<=39,2020-11-09,44
1111,40-49,2020-11-09,52
1112,50-59,2020-11-09,157
1113,60-69,2020-11-09,241
1114,>=70,2020-11-09,235
1115,<=39,2020-11-10,43
1116,40-49,2020-11-10,51
1117,50-59,2020-11-10,153
1118,60-69,2020-11-10,240
1119,>=70,2020-11-10,233
1120,<=39,2020-11-11,44
1121,40-49,2020-11-11,55
1122,50-59,2020-11-11,153
1123,60-69,2020-11-11,237
1124,>=70,2020-11-11,232
1125,<=39,2020-11-12,45
1126,40-49,2020-11-12,61
1127,50-59,2020-11-12,148
1128,60-69,2020-11-12,239
1129,>=70,2020-11-12,233
1130,<=39,2020-11-13,48
1131,40-49,2020-11-13,59
1132,50-59,2020-11-13,158
1133,60-69,2020-11-13,242
1134,>=70,2020-11-13,226
1135,<=39,2020-11-14,44
1136,40-49,2020-11-14,59
1137,50-59,2020-11-14,157
1138,60-69,2020-11-14,241
1139,>=70,2020-11-14,230
1140,<=39,2020-11-15,44
1141,40-49,2020-11-15,56
1142,50-59,2020-11-15,156
1143,60-69,2020-11-15,236
1144,>=70,2020-11-15,229
1145,<=39,2020-11-16,46
1146,40-49,2020-11-16,57
1147,50-59,2020-11-16,152
1148,60-69,2020-11-16,236
1149,>=70,2020-11-16,233
1150,<=39,2020-11-17,45
1151,40-49,2020-11-17,58
1152,50-59,2020-11-17,153
1153,60-69,2020-11-17,238
1154,>=70,2020-11-17,236
1155,<=39,2020-11-18,47
1156,40-49,2020-11-18,56
1157,50-59,2020-11-18,150
1158,60-69,2020-11-18,235
1159,>=70,2020-11-18,238
1160,<=39,2020-11-19,40
1161,40-49,2020-11-19,46
1162,50-59,2020-11-19,145
1163,60-69,2020-11-19,237
1164,>=70,2020-11-19,247
1165,<=39,2020-11-20,44
1166,40-49,2020-11-20,44
1167,50-59,2020-11-20,151
1168,60-69,2020-11-20,231
1169,>=70,2020-11-20,247
1170,<=39,2020-11-21,46
1171,40-49,2020-11-21,43
1172,50-59,2020-11-21,142
1173,60-69,2020-11-21,232
1174,>=70,2020-11-21,249
1175,<=39,2020-11-22,40
1176,40-49,2020-11-22,44
1177,50-59,2020-11-22,138
1178,60-69,2020-11-22,228
1179,>=70,2020-11-22,248
1180,<=39,2020-11-23,40
1181,40-49,2020-11-23,46
1182,50-59,2020-11-23,138
1183,60-69,2020-11-23,231
1184,>=70,2020-11-23,249
1185,<=39,2020-11-24,43
1186,40-49,2020-11-24,46
1187,50-59,2020-11-24,139
1188,60-69,2020-11-24,221
1189,>=70,2020-11-24,246
1190,<=39,2020-11-25,46
1191,40-49,2020-11-25,47
1192,50-59,2020-11-25,140
1193,60-69,2020-11-25,224
1194,>=70,2020-11-25,243
1195,<=39,2020-11-26,45
1196,40-49,2020-11-26,48
1197,50-59,2020-11-26,136
1198,60-69,2020-11-26,218
1199,>=70,2020-11-26,247
1200,<=39,2020-11-27,42
1201,40-49,2020-11-27,52
1202,50-59,2020-11-27,135
1203,60-69,2020-11-27,215
1204,>=70,2020-11-27,249
1205,<=39,2020-11-28,39
1206,40-49,2020-11-28,53
1207,50-59,2020-11-28,134
1208,60-69,2020-11-28,222
1209,>=70,2020-11-28,255
1210,<=39,2020-11-29,42
1211,40-49,2020-11-29,52
1212,50-59,2020-11-29,134
1213,60-69,2020-11-29,218
1214,>=70,2020-11-29,247
1215,<=39,2020-11-30,38
1216,40-49,2020-11-30,53
1217,50-59,2020-11-30,137
1218,60-69,2020-11-30,223
1219,>=70,2020-11-30,239
1220,<=39,2020-12-01,39
1221,40-49,2020-12-01,56
1222,50-59,2020-12-01,136
1223,60-69,2020-12-01,228
1224,>=70,2020-12-01,236
1225,<=39,2020-12-02,41
1226,40-49,2020-12-02,55
1227,50-59,2020-12-02,135
1228,60-69,2020-12-02,228
1229,>=70,2020-12-02,235
1230,<=39,2020-12-03,38
1231,40-49,2020-12-03,56
1232,50-59,2020-12-03,135
1233,60-69,2020-12-03,226
1234,>=70,2020-12-03,232
1235,<=39,2020-12-04,42
1236,40-49,2020-12-04,51
1237,50-59,2020-12-04,130
1238,60-69,2020-12-04,228
1239,>=70,2020-12-04,232
1240,<=39,2020-12-05,47
1241,40-49,2020-12-05,47
1242,50-59,2020-12-05,126
1243,60-69,2020-12-05,220
1244,>=70,2020-12-05,224
1245,<=39,2020-12-06,51
1246,40-49,2020-12-06,47
1247,50-59,2020-12-06,127
1248,60-69,2020-12-06,214
1249,>=70,2020-12-06,219
1250,<=39,2020-12-07,47
1251,40-49,2020-12-07,49
1252,50-59,2020-12-07,132
1253,60-69,2020-12-07,215
1254,>=70,2020-12-07,214
1255,<=39,2020-12-08,48
1256,40-49,2020-12-08,51
1257,50-59,2020-12-08,130
1258,60-69,2020-12-08,214
1259,>=70,2020-12-08,212
1260,<=39,2020-12-09,45
1261,40-49,2020-12-09,52
1262,50-59,2020-12-09,136
1263,60-69,2020-12-09,216
1264,>=70,2020-12-09,218
1265,<=39,2020-12-10,49
1266,40-49,2020-12-10,53
1267,50-59,2020-12-10,137
1268,60-69,2020-12-10,222
1269,>=70,2020-12-10,210
1270,<=39,2020-12-11,50
1271,40-49,2020-12-11,53
1272,50-59,2020-12-11,138
1273,60-69,2020-12-11,217
1274,>=70,2020-12-11,205
1275,<=39,2020-12-12,48
1276,40-49,2020-12-12,49
1277,50-59,2020-12-12,129
1278,60-69,2020-12-12,216
1279,>=70,2020-12-12,209
1280,<=39,2020-12-13,51
1281,40-49,2020-12-13,51
1282,50-59,2020-12-13,125
1283,60-69,2020-12-13,204
1284,>=70,2020-12-13,206
1285,<=39,2020-12-14,54
1286,40-49,2020-12-14,52
1287,50-59,2020-12-14,126
1288,60-69,2020-12-14,196
1289,>=70,2020-12-14,200
1290,<=39,2020-12-15,55
1291,40-49,2020-12-15,49
1292,50-59,2020-12-15,128
1293,60-69,2020-12-15,200
1294,>=70,2020-12-15,198
1295,<=39,2020-12-16,55
1296,40-49,2020-12-16,50
1297,50-59,2020-12-16,130
1298,60-69,2020-12-16,208
1299,>=70,2020-12-16,195
1300,<=39,2020-12-17,49
1301,40-49,2020-12-17,50
1302,50-59,2020-12-17,127
1303,60-69,2020-12-17,207
1304,>=70,2020-12-17,194
1305,<=39,2020-12-18,50
1306,40-49,2020-12-18,54
1307,50-59,2020-12-18,131
1308,60-69,2020-12-18,224
1309,>=70,2020-12-18,209
1310,<=39,2020-12-19,50
1311,40-49,2020-12-19,60
1312,50-59,2020-12-19,134
1313,60-69,2020-12-19,219
1314,>=70,2020-12-19,209
1315,<=39,2020-12-20,52
1316,40-49,2020-12-20,57
1317,50-59,2020-12-20,129
1318,60-69,2020-12-20,209
1319,>=70,2020-12-20,216
1320,<=39,2020-12-21,54
1321,40-49,2020-12-21,61
1322,50-59,2020-12-21,126
1323,60-69,2020-12-21,211
1324,>=70,2020-12-21,221
1325,<=39,2020-12-22,55
1326,40-49,2020-12-22,64
1327,50-59,2020-12-22,122
1328,60-69,2020-12-22,216
1329,>=70,2020-12-22,226
1330,<=39,2020-12-23,54
1331,40-49,2020-12-23,63
1332,50-59,2020-12-23,125
1333,60-69,2020-12-23,219
1334,>=70,2020-12-23,233
1335,<=39,2020-12-24,55
1336,40-49,2020-12-24,63
1337,50-59,2020-12-24,124
1338,60-69,2020-12-24,218
1339,>=70,2020-12-24,239
1340,<=39,2020-12-25,54
1341,40-49,2020-12-25,57
1342,50-59,2020-12-25,119
1343,60-69,2020-12-25,218
1344,>=70,2020-12-25,230
1345,<=39,2020-12-26,57
1346,40-49,2020-12-26,59
1347,50-59,2020-12-26,124
1348,60-69,2020-12-26,222
1349,>=70,2020-12-26,238
1350,<=39,2020-12-27,56
1351,40-49,2020-12-27,55
1352,50-59,2020-12-27,128
1353,60-69,2020-12-27,229
1354,>=70,2020-12-27,248
1355,<=39,2020-12-28,59
1356,40-49,2020-12-28,56
1357,50-59,2020-12-28,136
1358,60-69,2020-12-28,234
1359,>=70,2020-12-28,249
1360,<=39,2020-12-29,61
1361,40-49,2020-12-29,55
1362,50-59,2020-12-29,135
1363,60-69,2020-12-29,235
1364,>=70,2020-12-29,259
1365,<=39,2020-12-30,62
1366,40-49,2020-12-30,55
1367,50-59,2020-12-30,135
1368,60-69,2020-12-30,238
1369,>=70,2020-12-30,262
1370,<=39,2020-12-31,59
1371,40-49,2020-12-31,53
1372,50-59,2020-12-31,148
1373,60-69,2020-12-31,250
1374,>=70,2020-12-31,256
1375,<=39,2021-01-01,62
1376,40-49,2021-01-01,55
1377,50-59,2021-01-01,156
1378,60-69,2021-01-01,255
1379,>=70,2021-01-01,266
1380,<=39,2021-01-02,66
1381,40-49,2021-01-02,53
1382,50-59,2021-01-02,156
1383,60-69,2021-01-02,257
1384,>=70,2021-01-02,259
1385,<=39,2021-01-03,59
1386,40-49,2021-01-03,57
1387,50-59,2021-01-03,159
1388,60-69,2021-01-03,250
1389,>=70,2021-01-03,256
1390,<=39,2021-01-04,57
1391,40-49,2021-01-04,61
1392,50-59,2021-01-04,164
1393,60-69,2021-01-04,248
1394,>=70,2021-01-04,257
1395,<=39,2021-01-05,58
1396,40-49,2021-01-05,69
1397,50-59,2021-01-05,165
1398,60-69,2021-01-05,256
1399,>=70,2021-01-05,253
1400,<=39,2021-01-06,61
1401,40-49,2021-01-06,77
1402,50-59,2021-01-06,167
1403,60-69,2021-01-06,265
1404,>=70,2021-01-06,250
1405,<=39,2021-01-07,63
1406,40-49,2021-01-07,81
1407,50-59,2021-01-07,184
1408,60-69,2021-01-07,275
1409,>=70,2021-01-07,259
1410,<=39,2021-01-08,66
1411,40-49,2021-01-08,88
1412,50-59,2021-01-08,189
1413,60-69,2021-01-08,273
1414,>=70,2021-01-08,257
1415,<=39,2021-01-09,71
1416,40-49,2021-01-09,94
1417,50-59,2021-01-09,194
1418,60-69,2021-01-09,286
1419,>=70,2021-01-09,266
1420,<=39,2021-01-10,72
1421,40-49,2021-01-10,97
1422,50-59,2021-01-10,204
1423,60-69,2021-01-10,296
1424,>=70,2021-01-10,277
1425,<=39,2021-01-11,72
1426,40-49,2021-01-11,94
1427,50-59,2021-01-11,196
1428,60-69,2021-01-11,299
1429,>=70,2021-01-11,278
1430,<=39,2021-01-12,74
1431,40-49,2021-01-12,95
1432,50-59,2021-01-12,205
1433,60-69,2021-01-12,297
1434,>=70,2021-01-12,280
1435,<=39,2021-01-13,81
1436,40-49,2021-01-13,91
1437,50-59,2021-01-13,209
1438,60-69,2021-01-13,310
1439,>=70,2021-01-13,290
1440,<=39,2021-01-14,83
1441,40-49,2021-01-14,94
1442,50-59,2021-01-14,205
1443,60-69,2021-01-14,328
1444,>=70,2021-01-14,290
1445,<=39,2021-01-15,82
1446,40-49,2021-01-15,96
1447,50-59,2021-01-15,214
1448,60-69,2021-01-15,336
1449,>=70,2021-01-15,297
1450,<=39,2021-01-16,82
1451,40-49,2021-01-16,94
1452,50-59,2021-01-16,215
1453,60-69,2021-01-16,353
1454,>=70,2021-01-16,300
1455,<=39,2021-01-17,82
1456,40-49,2021-01-17,99
1457,50-59,2021-01-17,222
1458,60-69,2021-01-17,355
1459,>=70,2021-01-17,291
1460,<=39,2021-01-18,82
1461,40-49,2021-01-18,94
1462,50-59,2021-01-18,222
1463,60-69,2021-01-18,371
1464,>=70,2021-01-18,304
1465,<=39,2021-01-19,81
1466,40-49,2021-01-19,96
1467,50-59,2021-01-19,222
1468,60-69,2021-01-19,371
1469,>=70,2021-01-19,311
1470,<=39,2021-01-20,83
1471,40-49,2021-01-20,102
1472,50-59,2021-01-20,239
1473,60-69,2021-01-20,392
1474,>=70,2021-01-20,334
1475,<=39,2021-01-21,93
1476,40-49,2021-01-21,103
1477,50-59,2021-01-21,252
1478,60-69,2021-01-21,407
1479,>=70,2021-01-21,338
1480,<=39,2021-01-22,91
1481,40-49,2021-01-22,108
1482,50-59,2021-01-22,254
1483,60-69,2021-01-22,422
1484,>=70,2021-01-22,346
1485,<=39,2021-01-23,99
1486,40-49,2021-01-23,102
1487,50-59,2021-01-23,260
1488,60-69,2021-01-23,440
1489,>=70,2021-01-23,365
1490,<=39,2021-01-24,97
1491,40-49,2021-01-24,98
1492,50-59,2021-01-24,266
1493,60-69,2021-01-24,435
1494,>=70,2021-01-24,367
1495,<=39,2021-01-25,97
1496,40-49,2021-01-25,97
1497,50-59,2021-01-25,268
1498,60-69,2021-01-25,438
1499,>=70,2021-01-25,372
1500,<=39,2021-01-26,98
1501,40-49,2021-01-26,105
1502,50-59,2021-01-26,268
1503,60-69,2021-01-26,444
1504,>=70,2021-01-26,372
1505,<=39,2021-01-27,99
1506,40-49,2021-01-27,109
1507,50-59,2021-01-27,287
1508,60-69,2021-01-27,456
1509,>=70,2021-01-27,377
1510,<=39,2021-01-28,102
1511,40-49,2021-01-28,108
1512,50-59,2021-01-28,287
1513,60-69,2021-01-28,450
1514,>=70,2021-01-28,392
1515,<=39,2021-01-29,106
1516,40-49,2021-01-29,110
1517,50-59,2021-01-29,308
1518,60-69,2021-01-29,479
1519,>=70,2021-01-29,391
1520,<=39,2021-01-30,110
1521,40-49,2021-01-30,104
1522,50-59,2021-01-30,309
1523,60-69,2021-01-30,489
1524,>=70,2021-01-30,398
1525,<=39,2021-01-31,114
1526,40-49,2021-01-31,111
1527,50-59,2021-01-31,317
1528,60-69,2021-01-31,498
1529,>=70,2021-01-31,413
1530,<=39,2021-02-01,110
1531,40-49,2021-02-01,111
1532,50-59,2021-02-01,313
1533,60-69,2021-02-01,503
1534,>=70,2021-02-01,419
1535,<=39,2021-02-02,112
1536,40-49,2021-02-02,113
1537,50-59,2021-02-02,313
1538,60-69,2021-02-02,510
1539,>=70,2021-02-02,410
1540,<=39,2021-02-03,115
1541,40-49,2021-02-03,116
1542,50-59,2021-02-03,308
1543,60-69,2021-02-03,522
1544,>=70,2021-02-03,423
1545,<=39,2021-02-04,115
1546,40-49,2021-02-04,118
1547,50-59,2021-02-04,315
1548,60-69,2021-02-04,529
1549,>=70,2021-02-04,433
1550,<=39,2021-02-05,117
1551,40-49,2021-02-05,116
1552,50-59,2021-02-05,300
1553,60-69,2021-02-05,528
1554,>=70,2021-02-05,426
1555,<=39,2021-02-06,116
1556,40-49,2021-02-06,123
1557,50-59,2021-02-06,300
1558,60-69,2021-02-06,530
1559,>=70,2021-02-06,434
1560,<=39,2021-02-07,114
1561,40-49,2021-02-07,114
1562,50-59,2021-02-07,313
1563,60-69,2021-02-07,532
1564,>=70,2021-02-07,436
1565,<=39,2021-02-08,108
1566,40-49,2021-02-08,114
1567,50-59,2021-02-08,316
1568,60-69,2021-02-08,539
1569,>=70,2021-02-08,429
1570,<=39,2021-02-09,110
1571,40-49,2021-02-09,119
1572,50-59,2021-02-09,326
1573,60-69,2021-02-09,545
1574,>=70,2021-02-09,425
1575,<=39,2021-02-10,105
1576,40-49,2021-02-10,122
1577,50-59,2021-02-10,335
1578,60-69,2021-02-10,526
1579,>=70,2021-02-10,433
1580,<=39,2021-02-11,108
1581,40-49,2021-02-11,124
1582,50-59,2021-02-11,340
1583,60-69,2021-02-11,535
1584,>=70,2021-02-11,431
1585,<=39,2021-02-12,108
1586,40-49,2021-02-12,124
1587,50-59,2021-02-12,350
1588,60-69,2021-02-12,528
1589,>=70,2021-02-12,434
1590,<=39,2021-02-13,118
1591,40-49,2021-02-13,115
1592,50-59,2021-02-13,349
1593,60-69,2021-02-13,521
1594,>=70,2021-02-13,427
1595,<=39,2021-02-14,118
1596,40-49,2021-02-14,124
1597,50-59,2021-02-14,348
1598,60-69,2021-02-14,526
1599,>=70,2021-02-14,436
1600,<=39,2021-02-15,117
1601,40-49,2021-02-15,129
1602,50-59,2021-02-15,351
1603,60-69,2021-02-15,528
1604,>=70,2021-02-15,433
1605,<=39,2021-02-16,117
1606,40-49,2021-02-16,137
1607,50-59,2021-02-16,352
1608,60-69,2021-02-16,529
1609,>=70,2021-02-16,438
1610,<=39,2021-02-17,115
1611,40-49,2021-02-17,140
1612,50-59,2021-02-17,348
1613,60-69,2021-02-17,524
1614,>=70,2021-02-17,452
1615,<=39,2021-02-18,113
1616,40-49,2021-02-18,139
1617,50-59,2021-02-18,348
1618,60-69,2021-02-18,520
1619,>=70,2021-02-18,449
1620,<=39,2021-02-19,113
1621,40-49,2021-02-19,147
1622,50-59,2021-02-19,352
1623,60-69,2021-02-19,501
1624,>=70,2021-02-19,443
1625,<=39,2021-02-20,112
1626,40-49,2021-02-20,147
1627,50-59,2021-02-20,351
1628,60-69,2021-02-20,512
1629,>=70,2021-02-20,452
1630,<=39,2021-02-21,112
1631,40-49,2021-02-21,154
1632,50-59,2021-02-21,339
1633,60-69,2021-02-21,520
1634,>=70,2021-02-21,449
1635,<=39,2021-02-22,114
1636,40-49,2021-02-22,153
1637,50-59,2021-02-22,343
1638,60-69,2021-02-22,528
1639,>=70,2021-02-22,446
1640,<=39,2021-02-23,108
1641,40-49,2021-02-23,156
1642,50-59,2021-02-23,345
1643,60-69,2021-02-23,532
1644,>=70,2021-02-23,450
1645,<=39,2021-02-24,123
1646,40-49,2021-02-24,154
1647,50-59,2021-02-24,335
1648,60-69,2021-02-24,529
1649,>=70,2021-02-24,465
1650,<=39,2021-02-25,131
1651,40-49,2021-02-25,152
1652,50-59,2021-02-25,336
1653,60-69,2021-02-25,525
1654,>=70,2021-02-25,456
1655,<=39,2021-02-26,139
1656,40-49,2021-02-26,158
1657,50-59,2021-02-26,343
1658,60-69,2021-02-26,533
1659,>=70,2021-02-26,456
1660,<=39,2021-02-27,146
1661,40-49,2021-02-27,155
1662,50-59,2021-02-27,347
1663,60-69,2021-02-27,532
1664,>=70,2021-02-27,462
1665,<=39,2021-02-28,144
1666,40-49,2021-02-28,150
1667,50-59,2021-02-28,353
1668,60-69,2021-02-28,535
1669,>=70,2021-02-28,468
1670,<=39,2021-03-01,145
1671,40-49,2021-03-01,151
1672,50-59,2021-03-01,361
1673,60-69,2021-03-01,534
1674,>=70,2021-03-01,464
1675,<=39,2021-03-02,147
1676,40-49,2021-03-02,151
1677,50-59,2021-03-02,366
1678,60-69,2021-03-02,534
1679,>=70,2021-03-02,473
1680,<=39,2021-03-03,143
1681,40-49,2021-03-03,157
1682,50-59,2021-03-03,375
1683,60-69,2021-03-03,546
1684,>=70,2021-03-03,464
1685,<=39,2021-03-04,147
1686,40-49,2021-03-04,157
1687,50-59,2021-03-04,375
1688,60-69,2021-03-04,544
1689,>=70,2021-03-04,472
1690,<=39,2021-03-05,151
1691,40-49,2021-03-05,164
1692,50-59,2021-03-05,372
1693,60-69,2021-03-05,543
1694,>=70,2021-03-05,477
1695,<=39,2021-03-06,155
1696,40-49,2021-03-06,175
1697,50-59,2021-03-06,384
1698,60-69,2021-03-06,553
1699,>=70,2021-03-06,476
1700,<=39,2021-03-07,149
1701,40-49,2021-03-07,185
1702,50-59,2021-03-07,395
1703,60-69,2021-03-07,544
1704,>=70,2021-03-07,476
1705,<=39,2021-03-08,159
1706,40-49,2021-03-08,187
1707,50-59,2021-03-08,407
1708,60-69,2021-03-08,552
1709,>=70,2021-03-08,469
1710,<=39,2021-03-09,164
1711,40-49,2021-03-09,195
1712,50-59,2021-03-09,413
1713,60-69,2021-03-09,557
1714,>=70,2021-03-09,472
1715,<=39,2021-03-10,170
1716,40-49,2021-03-10,189
1717,50-59,2021-03-10,439
1718,60-69,2021-03-10,562
1719,>=70,2021-03-10,464
1720,<=39,2021-03-11,173
1721,40-49,2021-03-11,190
1722,50-59,2021-03-11,473
1723,60-69,2021-03-11,570
1724,>=70,2021-03-11,474
1725,<=39,2021-03-12,174
1726,40-49,2021-03-12,209
1727,50-59,2021-03-12,473
1728,60-69,2021-03-12,566
1729,>=70,2021-03-12,469
1730,<=39,2021-03-13,170
1731,40-49,2021-03-13,226
1732,50-59,2021-03-13,479
1733,60-69,2021-03-13,589
1734,>=70,2021-03-13,471
1735,<=39,2021-03-14,171
1736,40-49,2021-03-14,235
1737,50-59,2021-03-14,490
1738,60-69,2021-03-14,598
1739,>=70,2021-03-14,474
1740,<=39,2021-03-15,178
1741,40-49,2021-03-15,238
1742,50-59,2021-03-15,495
1743,60-69,2021-03-15,607
1744,>=70,2021-03-15,463
1745,<=39,2021-03-16,186
1746,40-49,2021-03-16,246
1747,50-59,2021-03-16,527
1748,60-69,2021-03-16,607
1749,>=70,2021-03-16,473
1750,<=39,2021-03-17,201
1751,40-49,2021-03-17,260
1752,50-59,2021-03-17,543
1753,60-69,2021-03-17,624
1754,>=70,2021-03-17,475
1755,<=39,2021-03-18,217
1756,40-49,2021-03-18,267
1757,50-59,2021-03-18,543
1758,60-69,2021-03-18,631
1759,>=70,2021-03-18,462
1760,<=39,2021-03-19,225
1761,40-49,2021-03-19,267
1762,50-59,2021-03-19,546
1763,60-69,2021-03-19,643
1764,>=70,2021-03-19,461
1765,<=39,2021-03-20,223
1766,40-49,2021-03-20,280
1767,50-59,2021-03-20,556
1768,60-69,2021-03-20,653
1769,>=70,2021-03-20,454
1770,<=39,2021-03-21,232
1771,40-49,2021-03-21,285
1772,50-59,2021-03-21,565
1773,60-69,2021-03-21,664
1774,>=70,2021-03-21,437
1775,<=39,2021-03-22,229
1776,40-49,2021-03-22,289
1777,50-59,2021-03-22,573
1778,60-69,2021-03-22,669
1779,>=70,2021-03-22,425
1780,<=39,2021-03-23,235
1781,40-49,2021-03-23,307
1782,50-59,2021-03-23,585
1783,60-69,2021-03-23,683
1784,>=70,2021-03-23,419
1785,<=39,2021-03-24,233
1786,40-49,2021-03-24,319
1787,50-59,2021-03-24,610
1788,60-69,2021-03-24,676
1789,>=70,2021-03-24,432
1790,<=39,2021-03-25,248
1791,40-49,2021-03-25,322
1792,50-59,2021-03-25,640
1793,60-69,2021-03-25,677
1794,>=70,2021-03-25,426
1795,<=39,2021-03-26,248
1796,40-49,2021-03-26,338
1797,50-59,2021-03-26,664
1798,60-69,2021-03-26,696
1799,>=70,2021-03-26,426
1800,<=39,2021-03-27,255
1801,40-49,2021-03-27,357
1802,50-59,2021-03-27,688
1803,60-69,2021-03-27,706
1804,>=70,2021-03-27,416
1805,<=39,2021-03-28,262
1806,40-49,2021-03-28,370
1807,50-59,2021-03-28,696
1808,60-69,2021-03-28,733
1809,>=70,2021-03-28,414
1810,<=39,2021-03-29,266
1811,40-49,2021-03-29,370
1812,50-59,2021-03-29,709
1813,60-69,2021-03-29,728
1814,>=70,2021-03-29,408
1815,<=39,2021-03-30,282
1816,40-49,2021-03-30,389
1817,50-59,2021-03-30,715
1818,60-69,2021-03-30,723
1819,>=70,2021-03-30,403
1820,<=39,2021-03-31,301
1821,40-49,2021-03-31,404
1822,50-59,2021-03-31,755
1823,60-69,2021-03-31,760
1824,>=70,2021-03-31,390
1825,<=39,2021-04-01,307
1826,40-49,2021-04-01,414
1827,50-59,2021-04-01,774
1828,60-69,2021-04-01,769
1829,>=70,2021-04-01,377
1830,<=39,2021-04-02,321
1831,40-49,2021-04-02,430
1832,50-59,2021-04-02,789
1833,60-69,2021-04-02,752
1834,>=70,2021-04-02,390
1835,<=39,2021-04-03,337
1836,40-49,2021-04-03,454
1837,50-59,2021-04-03,806
1838,60-69,2021-04-03,767
1839,>=70,2021-04-03,381
1840,<=39,2021-04-04,346
1841,40-49,2021-04-04,467
1842,50-59,2021-04-04,800
1843,60-69,2021-04-04,773
1844,>=70,2021-04-04,381
1845,<=39,2021-04-05,353
1846,40-49,2021-04-05,469
1847,50-59,2021-04-05,808
1848,60-69,2021-04-05,770
1849,>=70,2021-04-05,378
1850,<=39,2021-04-06,361
1851,40-49,2021-04-06,483
1852,50-59,2021-04-06,810
1853,60-69,2021-04-06,767
1854,>=70,2021-04-06,377
1855,<=39,2021-04-07,385
1856,40-49,2021-04-07,494
1857,50-59,2021-04-07,855
1858,60-69,2021-04-07,783
1859,>=70,2021-04-07,377
1860,<=39,2021-04-08,396
1861,40-49,2021-04-08,506
1862,50-59,2021-04-08,892
1863,60-69,2021-04-08,778
1864,>=70,2021-04-08,375
1865,<=39,2021-04-09,403
1866,40-49,2021-04-09,518
1867,50-59,2021-04-09,903
1868,60-69,2021-04-09,782
1869,>=70,2021-04-09,361
1870,<=39,2021-04-10,424
1871,40-49,2021-04-10,537
1872,50-59,2021-04-10,929
1873,60-69,2021-04-10,788
1874,>=70,2021-04-10,363
1875,<=39,2021-04-11,430
1876,40-49,2021-04-11,553
1877,50-59,2021-04-11,938
1878,60-69,2021-04-11,792
1879,>=70,2021-04-11,375
1880,<=39,2021-04-12,433
1881,40-49,2021-04-12,560
1882,50-59,2021-04-12,963
1883,60-69,2021-04-12,788
1884,>=70,2021-04-12,374
1885,<=39,2021-04-13,430
1886,40-49,2021-04-13,574
1887,50-59,2021-04-13,957
1888,60-69,2021-04-13,771
1889,>=70,2021-04-13,364
1890,<=39,2021-04-14,451
1891,40-49,2021-04-14,588
1892,50-59,2021-04-14,986
1893,60-69,2021-04-14,790
1894,>=70,2021-04-14,362
1895,<=39,2021-04-15,474
1896,40-49,2021-04-15,598
1897,50-59,2021-04-15,987
1898,60-69,2021-04-15,795
1899,>=70,2021-04-15,355
1900,<=39,2021-04-16,482
1901,40-49,2021-04-16,602
1902,50-59,2021-04-16,994
1903,60-69,2021-04-16,797
1904,>=70,2021-04-16,346
1905,<=39,2021-04-17,483
1906,40-49,2021-04-17,615
1907,50-59,2021-04-17,1014
1908,60-69,2021-04-17,811
1909,>=70,2021-04-17,357
1910,<=39,2021-04-18,491
1911,40-49,2021-04-18,625
1912,50-59,2021-04-18,1041
1913,60-69,2021-04-18,802
1914,>=70,2021-04-18,349
1915,<=39,2021-04-19,495
1916,40-49,2021-04-19,631
1917,50-59,2021-04-19,1041
1918,60-69,2021-04-19,789
1919,>=70,2021-04-19,345
1920,<=39,2021-04-20,502
1921,40-49,2021-04-20,628
1922,50-59,2021-04-20,1037
1923,60-69,2021-04-20,796
1924,>=70,2021-04-20,339
1925,<=39,2021-04-21,499
1926,40-49,2021-04-21,638
1927,50-59,2021-04-21,1052
1928,60-69,2021-04-21,808
1929,>=70,2021-04-21,345
1930,<=39,2021-04-22,494
1931,40-49,2021-04-22,644
1932,50-59,2021-04-22,1052
1933,60-69,2021-04-22,789
1934,>=70,2021-04-22,336
1935,<=39,2021-04-23,493
1936,40-49,2021-04-23,652
1937,50-59,2021-04-23,1043
1938,60-69,2021-04-23,765
1939,>=70,2021-04-23,338
1940,<=39,2021-04-24,498
1941,40-49,2021-04-24,639
1942,50-59,2021-04-24,1045
1943,60-69,2021-04-24,752
1944,>=70,2021-04-24,345
1945,<=39,2021-04-25,512
1946,40-49,2021-04-25,632
1947,50-59,2021-04-25,1051
1948,60-69,2021-04-25,745
1949,>=70,2021-04-25,344
1950,<=39,2021-04-26,510
1951,40-49,2021-04-26,634
1952,50-59,2021-04-26,1036
1953,60-69,2021-04-26,735
1954,>=70,2021-04-26,348
1955,<=39,2021-04-27,518
1956,40-49,2021-04-27,633
1957,50-59,2021-04-27,1034
1958,60-69,2021-04-27,736
1959,>=70,2021-04-27,349
1960,<=39,2021-04-28,537
1961,40-49,2021-04-28,652
1962,50-59,2021-04-28,1043
1963,60-69,2021-04-28,741
1964,>=70,2021-04-28,338
1965,<=39,2021-04-29,540
1966,40-49,2021-04-29,666
1967,50-59,2021-04-29,1041
1968,60-69,2021-04-29,741
1969,>=70,2021-04-29,341
1970,<=39,2021-04-30,548
1971,40-49,2021-04-30,660
1972,50-59,2021-04-30,1023
1973,60-69,2021-04-30,721
1974,>=70,2021-04-30,336
1975,<=39,2021-05-01,535
1976,40-49,2021-05-01,667
1977,50-59,2021-05-01,1011
1978,60-69,2021-05-01,712
1979,>=70,2021-05-01,338
1980,<=39,2021-05-02,527
1981,40-49,2021-05-02,674
1982,50-59,2021-05-02,1003
1983,60-69,2021-05-02,697
1984,>=70,2021-05-02,342
1985,<=39,2021-05-03,525
1986,40-49,2021-05-03,671
1987,50-59,2021-05-03,997
1988,60-69,2021-05-03,690
1989,>=70,2021-05-03,342
1990,<=39,2021-05-04,511
1991,40-49,2021-05-04,673
1992,50-59,2021-05-04,995
1993,60-69,2021-05-04,688
1994,>=70,2021-05-04,343
1995,<=39,2021-05-05,505
1996,40-49,2021-05-05,667
1997,50-59,2021-05-05,991
1998,60-69,2021-05-05,675
1999,>=70,2021-05-05,337
2000,<=39,2021-05-06,504
2001,40-49,2021-05-06,676
2002,50-59,2021-05-06,959
2003,60-69,2021-05-06,675
2004,>=70,2021-05-06,340
2005,<=39,2021-05-07,482
2006,40-49,2021-05-07,660
2007,50-59,2021-05-07,935
2008,60-69,2021-05-07,667
2009,>=70,2021-05-07,342
2010,<=39,2021-05-08,496
2011,40-49,2021-05-08,658
2012,50-59,2021-05-08,908
2013,60-69,2021-05-08,667
2014,>=70,2021-05-08,342
2015,<=39,2021-05-09,501
2016,40-49,2021-05-09,661
2017,50-59,2021-05-09,902
2018,60-69,2021-05-09,663
2019,>=70,2021-05-09,338
2020,<=39,2021-05-10,508
2021,40-49,2021-05-10,654
2022,50-59,2021-05-10,892
2023,60-69,2021-05-10,653
2024,>=70,2021-05-10,340
2025,<=39,2021-05-11,501
2026,40-49,2021-05-11,647
2027,50-59,2021-05-11,877
2028,60-69,2021-05-11,655
2029,>=70,2021-05-11,346
2030,<=39,2021-05-12,511
2031,40-49,2021-05-12,627
2032,50-59,2021-05-12,850
2033,60-69,2021-05-12,630
2034,>=70,2021-05-12,347
2035,<=39,2021-05-13,523
2036,40-49,2021-05-13,602
2037,50-59,2021-05-13,849
2038,60-69,2021-05-13,614
2039,>=70,2021-05-13,343
2040,<=39,2021-05-14,529
2041,40-49,2021-05-14,597
2042,50-59,2021-05-14,833
2043,60-69,2021-05-14,593
2044,>=70,2021-05-14,344
2045,<=39,2021-05-15,540
2046,40-49,2021-05-15,591
2047,50-59,2021-05-15,819
2048,60-69,2021-05-15,586
2049,>=70,2021-05-15,349
2050,<=39,2021-05-16,545
2051,40-49,2021-05-16,596
2052,50-59,2021-05-16,788
2053,60-69,2021-05-16,591
2054,>=70,2021-05-16,348
2055,<=39,2021-05-17,553
2056,40-49,2021-05-17,604
2057,50-59,2021-05-17,792
2058,60-69,2021-05-17,585
2059,>=70,2021-05-17,352
2060,<=39,2021-05-18,560
2061,40-49,2021-05-18,603
2062,50-59,2021-05-18,781
2063,60-69,2021-05-18,582
2064,>=70,2021-05-18,347
2065,<=39,2021-05-19,583
2066,40-49,2021-05-19,615
2067,50-59,2021-05-19,766
2068,60-69,2021-05-19,567
2069,>=70,2021-05-19,359
2070,<=39,2021-05-20,599
2071,40-49,2021-05-20,604
2072,50-59,2021-05-20,739
2073,60-69,2021-05-20,562
2074,>=70,2021-05-20,358
2075,<=39,2021-05-21,593
2076,40-49,2021-05-21,609
2077,50-59,2021-05-21,731
2078,60-69,2021-05-21,560
2079,>=70,2021-05-21,361
2080,<=39,2021-05-22,604
2081,40-49,2021-05-22,613
2082,50-59,2021-05-22,716
2083,60-69,2021-05-22,560
2084,>=70,2021-05-22,376
2085,<=39,2021-05-23,604
2086,40-49,2021-05-23,605
2087,50-59,2021-05-23,710
2088,60-69,2021-05-23,554
2089,>=70,2021-05-23,368
2090,<=39,2021-05-24,615
2091,40-49,2021-05-24,616
2092,50-59,2021-05-24,713
2093,60-69,2021-05-24,559
2094,>=70,2021-05-24,390
2095,<=39,2021-05-25,615
2096,40-49,2021-05-25,616
2097,50-59,2021-05-25,717
2098,60-69,2021-05-25,555
2099,>=70,2021-05-25,388
2100,<=39,2021-05-26,622
2101,40-49,2021-05-26,633
2102,50-59,2021-05-26,724
2103,60-69,2021-05-26,559
2104,>=70,2021-05-26,407
2105,<=39,2021-05-27,634
2106,40-49,2021-05-27,634
2107,50-59,2021-05-27,720
2108,60-69,2021-05-27,566
2109,>=70,2021-05-27,403
2110,<=39,2021-05-28,643
2111,40-49,2021-05-28,630
2112,50-59,2021-05-28,733
2113,60-69,2021-05-28,576
2114,>=70,2021-05-28,409
2115,<=39,2021-05-29,647
2116,40-49,2021-05-29,649
2117,50-59,2021-05-29,738
2118,60-69,2021-05-29,593
2119,>=70,2021-05-29,412
2120,<=39,2021-05-30,660
2121,40-49,2021-05-30,654
2122,50-59,2021-05-30,735
2123,60-69,2021-05-30,575
2124,>=70,2021-05-30,423
2125,<=39,2021-05-31,653
2126,40-49,2021-05-31,648
2127,50-59,2021-05-31,734
2128,60-69,2021-05-31,572
2129,>=70,2021-05-31,430
2130,<=39,2021-06-01,660
2131,40-49,2021-06-01,655
2132,50-59,2021-06-01,739
2133,60-69,2021-06-01,580
2134,>=70,2021-06-01,437
2135,<=39,2021-06-02,680
2136,40-49,2021-06-02,650
2137,50-59,2021-06-02,732
2138,60-69,2021-06-02,587
2139,>=70,2021-06-02,444
2140,<=39,2021-06-03,695
2141,40-49,2021-06-03,663
2142,50-59,2021-06-03,724
2143,60-69,2021-06-03,605
2144,>=70,2021-06-03,452
2145,<=39,2021-06-04,707
2146,40-49,2021-06-04,656
2147,50-59,2021-06-04,733
2148,60-69,2021-06-04,620
2149,>=70,2021-06-04,453
2150,<=39,2021-06-05,717
2151,40-49,2021-06-05,658
2152,50-59,2021-06-05,728
2153,60-69,2021-06-05,630
2154,>=70,2021-06-05,447
2155,<=39,2021-06-06,723
2156,40-49,2021-06-06,646
2157,50-59,2021-06-06,732
2158,60-69,2021-06-06,635
2159,>=70,2021-06-06,440
2160,<=39,2021-06-07,723
2161,40-49,2021-06-07,639
2162,50-59,2021-06-07,722
2163,60-69,2021-06-07,642
2164,>=70,2021-06-07,439
2165,<=39,2021-06-08,741
2166,40-49,2021-06-08,644
2167,50-59,2021-06-08,728
2168,60-69,2021-06-08,644
2169,>=70,2021-06-08,435
2170,<=39,2021-06-09,720
2171,40-49,2021-06-09,642
2172,50-59,2021-06-09,734
2173,60-69,2021-06-09,660
2174,>=70,2021-06-09,439
2175,<=39,2021-06-10,743
2176,40-49,2021-06-10,637
2177,50-59,2021-06-10,725
2178,60-69,2021-06-10,670
2179,>=70,2021-06-10,453
2180,<=39,2021-06-11,737
2181,40-49,2021-06-11,621
2182,50-59,2021-06-11,731
2183,60-69,2021-06-11,679
2184,>=70,2021-06-11,450
2185,<=39,2021-06-12,717
2186,40-49,2021-06-12,609
2187,50-59,2021-06-12,740
2188,60-69,2021-06-12,675
2189,>=70,2021-06-12,457
2190,<=39,2021-06-13,704
2191,40-49,2021-06-13,614
2192,50-59,2021-06-13,747
2193,60-69,2021-06-13,679
2194,>=70,2021-06-13,457
2195,<=39,2021-06-14,685
2196,40-49,2021-06-14,610
2197,50-59,2021-06-14,758
2198,60-69,2021-06-14,666
2199,>=70,2021-06-14,468
2200,<=39,2021-06-15,678
2201,40-49,2021-06-15,598
2202,50-59,2021-06-15,747
2203,60-69,2021-06-15,685
2204,>=70,2021-06-15,479
2205,<=39,2021-06-16,689
2206,40-49,2021-06-16,593
2207,50-59,2021-06-16,745
2208,60-69,2021-06-16,710
2209,>=70,2021-06-16,489
2210,<=39,2021-06-17,669
2211,40-49,2021-06-17,586
2212,50-59,2021-06-17,752
2213,60-69,2021-06-17,709
2214,>=70,2021-06-17,491
2215,<=39,2021-06-18,671
2216,40-49,2021-06-18,563
2217,50-59,2021-06-18,757
2218,60-69,2021-06-18,713
2219,>=70,2021-06-18,479
2220,<=39,2021-06-19,666
2221,40-49,2021-06-19,571
2222,50-59,2021-06-19,756
2223,60-69,2021-06-19,715
2224,>=70,2021-06-19,491
2225,<=39,2021-06-20,670
2226,40-49,2021-06-20,564
2227,50-59,2021-06-20,747
2228,60-69,2021-06-20,704
2229,>=70,2021-06-20,482
2230,<=39,2021-06-21,656
2231,40-49,2021-06-21,557
2232,50-59,2021-06-21,746
2233,60-69,2021-06-21,706
2234,>=70,2021-06-21,478
2235,<=39,2021-06-22,646
2236,40-49,2021-06-22,549
2237,50-59,2021-06-22,743
2238,60-69,2021-06-22,712
2239,>=70,2021-06-22,477
2240,<=39,2021-06-23,630
2241,40-49,2021-06-23,542
2242,50-59,2021-06-23,742
2243,60-69,2021-06-23,714
2244,>=70,2021-06-23,483
2245,<=39,2021-06-24,623
2246,40-49,2021-06-24,540
2247,50-59,2021-06-24,731
2248,60-69,2021-06-24,734
2249,>=70,2021-06-24,483
2250,<=39,2021-06-25,609
2251,40-49,2021-06-25,522
2252,50-59,2021-06-25,686
2253,60-69,2021-06-25,725
2254,>=70,2021-06-25,486
2255,<=39,2021-06-26,610
2256,40-49,2021-06-26,521
2257,50-59,2021-06-26,684
2258,60-69,2021-06-26,715
2259,>=70,2021-06-26,485
2260,<=39,2021-06-27,606
2261,40-49,2021-06-27,512
2262,50-59,2021-06-27,679
2263,60-69,2021-06-27,724
2264,>=70,2021-06-27,493
2265,<=39,2021-06-28,593
2266,40-49,2021-06-28,508
2267,50-59,2021-06-28,677
2268,60-69,2021-06-28,724
2269,>=70,2021-06-28,491
2270,<=39,2021-06-29,575
2271,40-49,2021-06-29,492
2272,50-59,2021-06-29,671
2273,60-69,2021-06-29,726
2274,>=70,2021-06-29,492
2275,<=39,2021-06-30,576
2276,40-49,2021-06-30,489
2277,50-59,2021-06-30,656
2278,60-69,2021-06-30,725
2279,>=70,2021-06-30,500
2280,<=39,2021-07-01,568
2281,40-49,2021-07-01,490
2282,50-59,2021-07-01,630
2283,60-69,2021-07-01,719
2284,>=70,2021-07-01,513
2285,<=39,2021-07-02,561
2286,40-49,2021-07-02,471
2287,50-59,2021-07-02,623
2288,60-69,2021-07-02,712
2289,>=70,2021-07-02,497
2290,<=39,2021-07-03,542
2291,40-49,2021-07-03,449
2292,50-59,2021-07-03,621
2293,60-69,2021-07-03,720
2294,>=70,2021-07-03,499
2295,<=39,2021-07-04,532
2296,40-49,2021-07-04,444
2297,50-59,2021-07-04,602
2298,60-69,2021-07-04,701
2299,>=70,2021-07-04,495
2300,<=39,2021-07-05,510
2301,40-49,2021-07-05,441
2302,50-59,2021-07-05,588
2303,60-69,2021-07-05,701
2304,>=70,2021-07-05,493
2305,<=39,2021-07-06,504
2306,40-49,2021-07-06,432
2307,50-59,2021-07-06,579
2308,60-69,2021-07-06,698
2309,>=70,2021-07-06,488
2310,<=39,2021-07-07,487
2311,40-49,2021-07-07,417
2312,50-59,2021-07-07,571
2313,60-69,2021-07-07,698
2314,>=70,2021-07-07,503
2315,<=39,2021-07-08,455
2316,40-49,2021-07-08,398
2317,50-59,2021-07-08,558
2318,60-69,2021-07-08,680
2319,>=70,2021-07-08,470
2320,<=39,2021-07-09,428
2321,40-49,2021-07-09,385
2322,50-59,2021-07-09,546
2323,60-69,2021-07-09,669
2324,>=70,2021-07-09,468
2325,<=39,2021-07-10,417
2326,40-49,2021-07-10,370
2327,50-59,2021-07-10,538
2328,60-69,2021-07-10,644
2329,>=70,2021-07-10,460
2330,<=39,2021-07-11,409
2331,40-49,2021-07-11,349
2332,50-59,2021-07-11,510
2333,60-69,2021-07-11,622
2334,>=70,2021-07-11,452
2335,<=39,2021-07-12,403
2336,40-49,2021-07-12,338
2337,50-59,2021-07-12,498
2338,60-69,2021-07-12,624
2339,>=70,2021-07-12,460
2340,<=39,2021-07-13,401
2341,40-49,2021-07-13,328
2342,50-59,2021-07-13,492
2343,60-69,2021-07-13,612
2344,>=70,2021-07-13,459
2345,<=39,2021-07-14,380
2346,40-49,2021-07-14,318
2347,50-59,2021-07-14,484
2348,60-69,2021-07-14,604
2349,>=70,2021-07-14,455
2350,<=39,2021-07-15,349
2351,40-49,2021-07-15,300
2352,50-59,2021-07-15,456
2353,60-69,2021-07-15,599
2354,>=70,2021-07-15,440
2355,<=39,2021-07-16,339
2356,40-49,2021-07-16,298
2357,50-59,2021-07-16,440
2358,60-69,2021-07-16,581
2359,>=70,2021-07-16,439
2360,<=39,2021-07-17,323
2361,40-49,2021-07-17,286
2362,50-59,2021-07-17,429
2363,60-69,2021-07-17,576
2364,>=70,2021-07-17,430
2365,<=39,2021-07-18,319
2366,40-49,2021-07-18,283
2367,50-59,2021-07-18,425
2368,60-69,2021-07-18,566
2369,>=70,2021-07-18,426
2370,<=39,2021-07-19,313
2371,40-49,2021-07-19,268
2372,50-59,2021-07-19,421
2373,60-69,2021-07-19,556
2374,>=70,2021-07-19,423
2375,<=39,2021-07-20,300
2376,40-49,2021-07-20,256
2377,50-59,2021-07-20,408
2378,60-69,2021-07-20,548
2379,>=70,2021-07-20,418
2380,<=39,2021-07-21,279
2381,40-49,2021-07-21,241
2382,50-59,2021-07-21,385
2383,60-69,2021-07-21,534
2384,>=70,2021-07-21,410
2385,<=39,2021-07-22,271
2386,40-49,2021-07-22,233
2387,50-59,2021-07-22,380
2388,60-69,2021-07-22,522
2389,>=70,2021-07-22,396
2390,<=39,2021-07-23,267
2391,40-49,2021-07-23,228
2392,50-59,2021-07-23,383
2393,60-69,2021-07-23,517
2394,>=70,2021-07-23,388
2395,<=39,2021-07-24,257
2396,40-49,2021-07-24,222
2397,50-59,2021-07-24,380
2398,60-69,2021-07-24,503
2399,>=70,2021-07-24,377
2400,<=39,2021-07-25,255
2401,40-49,2021-07-25,212
2402,50-59,2021-07-25,368
2403,60-69,2021-07-25,490
2404,>=70,2021-07-25,371
2405,<=39,2021-07-26,244
2406,40-49,2021-07-26,208
2407,50-59,2021-07-26,354
2408,60-69,2021-07-26,475
2409,>=70,2021-07-26,368
2410,<=39,2021-07-27,244
2411,40-49,2021-07-27,205
2412,50-59,2021-07-27,341
2413,60-69,2021-07-27,464
2414,>=70,2021-07-27,367
2415,<=39,2021-07-28,232
2416,40-49,2021-07-28,196
2417,50-59,2021-07-28,322
2418,60-69,2021-07-28,448
2419,>=70,2021-07-28,367
2420,<=39,2021-07-29,227
2421,40-49,2021-07-29,191
2422,50-59,2021-07-29,311
2423,60-69,2021-07-29,428
2424,>=70,2021-07-29,359
2425,<=39,2021-07-30,213
2426,40-49,2021-07-30,180
2427,50-59,2021-07-30,298
2428,60-69,2021-07-30,414
2429,>=70,2021-07-30,343
2430,<=39,2021-07-31,203
2431,40-49,2021-07-31,174
2432,50-59,2021-07-31,284
2433,60-69,2021-07-31,402
2434,>=70,2021-07-31,333
2435,<=39,2021-08-01,192
2436,40-49,2021-08-01,169
2437,50-59,2021-08-01,271
2438,60-69,2021-08-01,399
2439,>=70,2021-08-01,335
2440,<=39,2021-08-02,193
2441,40-49,2021-08-02,168
2442,50-59,2021-08-02,268
2443,60-69,2021-08-02,392
2444,>=70,2021-08-02,335
2445,<=39,2021-08-03,193
2446,40-49,2021-08-03,166
2447,50-59,2021-08-03,265
2448,60-69,2021-08-03,392
2449,>=70,2021-08-03,325
2450,<=39,2021-08-04,179
2451,40-49,2021-08-04,158
2452,50-59,2021-08-04,257
2453,60-69,2021-08-04,379
2454,>=70,2021-08-04,317
2455,<=39,2021-08-05,172
2456,40-49,2021-08-05,147
2457,50-59,2021-08-05,248
2458,60-69,2021-08-05,372
2459,>=70,2021-08-05,315
2460,<=39,2021-08-06,168
2461,40-49,2021-08-06,144
2462,50-59,2021-08-06,243
2463,60-69,2021-08-06,362
2464,>=70,2021-08-06,307
2465,<=39,2021-08-07,156
2466,40-49,2021-08-07,139
2467,50-59,2021-08-07,235
2468,60-69,2021-08-07,343
2469,>=70,2021-08-07,311
2470,<=39,2021-08-08,138
2471,40-49,2021-08-08,139
2472,50-59,2021-08-08,233
2473,60-69,2021-08-08,336
2474,>=70,2021-08-08,302
2475,<=39,2021-08-09,138
2476,40-49,2021-08-09,135
2477,50-59,2021-08-09,230
2478,60-69,2021-08-09,329
2479,>=70,2021-08-09,302
2480,<=39,2021-08-10,136
2481,40-49,2021-08-10,133
2482,50-59,2021-08-10,222
2483,60-69,2021-08-10,322
2484,>=70,2021-08-10,295
2485,<=39,2021-08-11,130
2486,40-49,2021-08-11,129
2487,50-59,2021-08-11,220
2488,60-69,2021-08-11,309
2489,>=70,2021-08-11,286
2490,<=39,2021-08-12,130
2491,40-49,2021-08-12,129
2492,50-59,2021-08-12,215
2493,60-69,2021-08-12,316
2494,>=70,2021-08-12,285
2495,<=39,2021-08-13,125
2496,40-49,2021-08-13,122
2497,50-59,2021-08-13,200
2498,60-69,2021-08-13,310
2499,>=70,2021-08-13,279
2500,<=39,2021-08-14,122
2501,40-49,2021-08-14,122
2502,50-59,2021-08-14,198
2503,60-69,2021-08-14,299
2504,>=70,2021-08-14,289
2505,<=39,2021-08-15,127
2506,40-49,2021-08-15,115
2507,50-59,2021-08-15,195
2508,60-69,2021-08-15,287
2509,>=70,2021-08-15,285
2510,<=39,2021-08-16,128
2511,40-49,2021-08-16,111
2512,50-59,2021-08-16,190
2513,60-69,2021-08-16,279
2514,>=70,2021-08-16,281
2515,<=39,2021-08-17,120
2516,40-49,2021-08-17,112
2517,50-59,2021-08-17,189
2518,60-69,2021-08-17,271
2519,>=70,2021-08-17,281
2520,<=39,2021-08-18,111
2521,40-49,2021-08-18,104
2522,50-59,2021-08-18,179
2523,60-69,2021-08-18,272
2524,>=70,2021-08-18,285
2525,<=39,2021-08-19,105
2526,40-49,2021-08-19,107
2527,50-59,2021-08-19,176
2528,60-69,2021-08-19,265
2529,>=70,2021-08-19,288
2530,<=39,2021-08-20,97
2531,40-49,2021-08-20,104
2532,50-59,2021-08-20,165
2533,60-69,2021-08-20,259
2534,>=70,2021-08-20,274
